"id","name","birthday","email"
6,"Charo",NULL,"coki5@imageshack.us"
7,"Ned","2025-11-01","nborzone6@pcworld.com"
8,"Nelly","2025-09-17","nabella7@alibaba.com"
9,"Anna-diane","2025-09-30","amcphail8@ibm.com"
10,"Reggie","2025-02-18","rleschelle9@tripod.com"
11,"Delores","2025-03-21","dbeazea@utexas.edu"
12,"Elisha","2025-08-01","espriggsb@zimbio.com"
13,"Natalina","2025-11-17","ngeraldinic@berkeley.edu"
14,"Claudia","2025-08-04","ctollerd@about.com"
15,"Arin","2025-05-13","alandsboroughe@ovh.net"
16,"Russell","2025-09-12","rferrilliof@disqus.com"
17,"Gwenette","2025-07-05","ggovang@epa.gov"
18,"Kitty","2025-08-06","krawcliffh@goodreads.com"
19,"Danya","2025-03-18","dnessi@arizona.edu"
20,"Lily","2025-09-15","ldennerlyj@istockphoto.com"
21,"Gage","2025-06-15","ghastonk@moonfruit.com"
22,"Ferdinande","2025-09-03","fandrinl@mapy.cz"
23,"Randi","2025-07-31","rpadgettm@statcounter.com"
24,"Madelene","2025-05-21","mdiddamsn@homestead.com"
25,"Johann","2024-12-17","jmccaugheyo@de.vu"
26,"Gauthier","2025-07-08","gproudleyp@un.org"
27,"Veronike","2025-06-26","vshacklefordq@twitpic.com"
28,"Pepito","2024-12-20","ppennickr@skyrock.com"
29,"Zeke","2025-01-22","zjoanics@pcworld.com"
30,"Fred","2025-04-03","fpierrot@bbc.co.uk"
31,"Sheree","2024-12-29","sspaightu@youku.com"
32,"Bernhard","2025-03-04","bcawcuttv@taobao.com"
33,"Baird",NULL,"bduigenanw@symantec.com"
34,"Melisenda","2025-08-21","mpasticznykx@imageshack.us"
35,"Melli","2025-05-19","mgillyetty@cnbc.com"
36,"Kylila","2025-04-27","kmclucasz@disqus.com"
37,"Veronika","2025-08-25",NULL
38,"Winfred","2025-10-11","wmunning11@ustream.tv"
39,"Alexander","2025-05-02",NULL
40,"Barbara-anne","2025-05-18","bfessby13@1688.com"
41,"Frants","2025-03-19","fmirams14@so-net.ne.jp"
42,"Danila","2025-10-17","djochanany15@prweb.com"
43,"Silvio","2024-12-10","slaslett16@msu.edu"
44,"Zea","2025-05-29","zclemmett17@clickbank.net"
45,"Alyson","2025-03-18","abolwell18@toplist.cz"
1,"Ahmet","2025-06-27","hkiellor0@macromedia.com"
2,"Mustafa","2025-06-09",NULL
3,"Gamze Selin","2025-04-21","okiggel2@skype.com"
4,"Hanife","2025-05-04","dnorvell3@hubpages.com"
5,"Sütlaç","2025-09-04",NULL
